{
  "project_info": {
    "project_number": "29825154125",
    "project_id": "test-b60c3",
    "storage_bucket": "test-b60c3.appspot.com"
  },
  "client": [
    {
      "client_info": {
        "mobilesdk_app_id": "1:29825154125:android:0841a67af0a0b546067004",
        "android_client_info": {
          "package_name": "edu.pl206566.test"
        }
      },
      "oauth_client": [],
      "api_key": [
        {
          "current_key": "AIzaSyDIVOIICOgGf1qhpRUikERSoAIhsqXv5ns"
        }
      ],
      "services": {
        "appinvite_service": {
          "other_platform_oauth_client": []
        }
      }
    }
  ],
  "configuration_version": "1"
}